Iteration,booleanModel(seconds),vectorModel(seconds)
1,0.96875,298.828125
2,1.265625,287.453125
3,1.234375,288.6875
4,1.578125,290.5
5,0.59375,297.40625
